Datetime,Water Level (m)
2025-03-18 00:00:00,0.034763537
2025-03-18 01:00:00,0.032032903
2025-03-18 02:00:00,0.028142028
2025-03-18 03:00:00,0.024150854
2025-03-18 04:00:00,0.021241328
2025-03-18 05:00:00,0.020433344
2025-03-18 06:00:00,0.022437198
2025-03-18 07:00:00,0.026065527
2025-03-18 08:00:00,0.030098405
2025-03-18 09:00:00,0.033019524
2025-03-18 10:00:00,0.03364259
2025-03-18 11:00:00,0.032688897
2025-03-18 12:00:00,0.031315103
2025-03-18 13:00:00,0.027184503
2025-03-18 14:00:00,0.021776887
2025-03-18 15:00:00,0.01627844
2025-03-18 16:00:00,0.011818888
2025-03-18 17:00:00,0.009991797
2025-03-18 18:00:00,0.011164967
2025-03-18 19:00:00,0.015076947
2025-03-18 20:00:00,0.024685113
2025-03-18 21:00:00,0.030918121
2025-03-18 22:00:00,0.034381222
2025-03-18 23:00:00,0.036015328
2025-03-19 00:00:00,0.035941876
2025-03-19 01:00:00,0.03348703
2025-03-19 02:00:00,0.029271469
2025-03-19 03:00:00,0.024747036
2025-03-19 04:00:00,0.020881
2025-03-19 05:00:00,0.018817723
2025-03-19 06:00:00,0.019107675
2025-03-19 07:00:00,0.021221347
2025-03-19 08:00:00,0.024324724
2025-03-19 09:00:00,0.02702792
2025-03-19 10:00:00,0.0280889
2025-03-19 11:00:00,0.026470728
2025-03-19 12:00:00,0.023627106
2025-03-19 13:00:00,0.019205062
2025-03-19 14:00:00,0.013600397
2025-03-19 15:00:00,0.0074230693
2025-03-19 16:00:00,0.0017635595
2025-03-19 17:00:00,-0.0015410389
2025-03-19 18:00:00,-0.0021711173
2025-03-19 19:00:00,-0.00084640644
2025-03-19 20:00:00,0.0028583815
2025-03-19 21:00:00,0.011322721
2025-03-19 22:00:00,0.01389516
2025-03-19 23:00:00,0.015852276
2025-03-20 00:00:00,0.015292453
2025-03-20 01:00:00,0.012928468
2025-03-20 02:00:00,0.008718355
2025-03-20 03:00:00,0.0040469207
2025-03-20 04:00:00,-0.00024480128
2025-03-20 05:00:00,-0.003813648
2025-03-20 06:00:00,-0.005758854
2025-03-20 07:00:00,-0.005686527
2025-03-20 08:00:00,-0.0043954975
2025-03-20 09:00:00,-0.0029962799
2025-03-20 10:00:00,-0.0022918587
2025-03-20 11:00:00,-0.0026569804
2025-03-20 12:00:00,-0.004973367
2025-03-20 13:00:00,-0.009742508
2025-03-20 14:00:00,-0.015373301
2025-03-20 15:00:00,-0.020963814
2025-03-20 16:00:00,-0.027001368
2025-03-20 17:00:00,-0.032190554
2025-03-20 18:00:00,-0.034891345
2025-03-20 19:00:00,-0.035140485
2025-03-20 20:00:00,-0.033122256
2025-03-20 21:00:00,-0.029252918
2025-03-20 22:00:00,-0.025512194
2025-03-20 23:00:00,-0.021475079
2025-03-21 00:00:00,-0.018853854
2025-03-21 01:00:00,-0.017704291
2025-03-21 02:00:00,-0.016793206
2025-03-21 03:00:00,-0.021902166
2025-03-21 04:00:00,-0.029062485
2025-03-21 05:00:00,-0.034196656
2025-03-21 06:00:00,-0.037487537
2025-03-21 07:00:00,-0.03875672
2025-03-21 08:00:00,-0.038147055
2025-03-21 09:00:00,-0.03761152
2025-03-21 10:00:00,-0.037466284
2025-03-21 11:00:00,-0.038835607
2025-03-21 12:00:00,-0.042423368
2025-03-21 13:00:00,-0.047601648
2025-03-21 14:00:00,-0.054064292
2025-03-21 15:00:00,-0.061781537
2025-03-21 16:00:00,-0.07066204
2025-03-21 17:00:00,-0.07806965
2025-03-21 18:00:00,-0.08358457
2025-03-21 19:00:00,-0.08691359
2025-03-21 20:00:00,-0.08975652
2025-03-21 21:00:00,-0.0875111
2025-03-21 22:00:00,-0.08551034
2025-03-21 23:00:00,-0.08274368
2025-03-22 00:00:00,-0.08036963
2025-03-22 01:00:00,-0.07994619
2025-03-22 02:00:00,-0.081341416
2025-03-22 03:00:00,-0.08473231
2025-03-22 04:00:00,-0.08772335
2025-03-22 05:00:00,-0.09189073
2025-03-22 06:00:00,-0.096381985
2025-03-22 07:00:00,-0.101107776
2025-03-22 08:00:00,-0.104779735
2025-03-22 09:00:00,-0.107209235
2025-03-22 10:00:00,-0.10927154
2025-03-22 11:00:00,-0.11230611
2025-03-22 12:00:00,-0.11500194
2025-03-22 13:00:00,-0.11857882
2025-03-22 14:00:00,-0.124233656
2025-03-22 15:00:00,-0.1322804
2025-03-22 16:00:00,-0.14105992
2025-03-22 17:00:00,-0.14982325
2025-03-22 18:00:00,-0.15803874
2025-03-22 19:00:00,-0.16509712
2025-03-22 20:00:00,-0.17009164
2025-03-22 21:00:00,-0.17289403
2025-03-22 22:00:00,-0.17373969
2025-03-22 23:00:00,-0.17356656
2025-03-23 00:00:00,-0.17241418
2025-03-23 01:00:00,-0.17158677
2025-03-23 02:00:00,-0.1713304
2025-03-23 03:00:00,-0.1722344
2025-03-23 04:00:00,-0.17458116
2025-03-23 05:00:00,-0.17741586
2025-03-23 06:00:00,-0.181614
2025-03-23 07:00:00,-0.1859226
2025-03-23 08:00:00,-0.19066527
2025-03-23 09:00:00,-0.19409655
2025-03-23 10:00:00,-0.19659267
2025-03-23 11:00:00,-0.19904028
2025-03-23 12:00:00,-0.2018012
2025-03-23 13:00:00,-0.20583627
2025-03-23 14:00:00,-0.21018344
2025-03-23 15:00:00,-0.21344379
2025-03-23 16:00:00,-0.21880747
2025-03-23 17:00:00,-0.22402224
2025-03-23 18:00:00,-0.2301867
2025-03-23 19:00:00,-0.23547842
2025-03-23 20:00:00,-0.2398824
2025-03-23 21:00:00,-0.24225563
2025-03-23 22:00:00,-0.24262583
2025-03-23 23:00:00,-0.24147001
2025-03-24 00:00:00,-0.23850995
